{
  "tfidf_lr_cv": {
    "accuracy_mean": 0.6857783777652771,
    "accuracy_std": 0.004266578087441793,
    "f1_mean": 0.7731399882430585,
    "f1_std": 0.003106436192318035,
    "roc_auc_mean": 0.7931891432804499,
    "roc_auc_std": 0.006869461642913611
  }
}